Workbook

Sheet Счета
A1: Файл | B1: Источник | C1: № счёта | D1: Дата | E1: Поставщик | F1: ИНН поставщика | G1: Покупатель | H1: Позиций | I1: Итого по счёту, ₽ | J1: Сумма позиций, ₽ | K1: Расхождение, ₽ | L1: Проверка | M1: Что не распознано
A2: Счёт_147_Северная_бумага.pdf | B2: PDF с текстом | C2: 147 | D2: 46266 | E2: ООО «Северная бумага» | F2: 1016613181 | G2: ООО «Лайм Логистик» | H2: 2 | I2: 501 | J2: =SUMIFS(Позиции!$H:$H,Позиции!$A:$A,$A2) -> 501 | K2: =IF(I2="","",ROUND(I2-J2,2)) -> 0 | L2: =IF(OR(M2<>"",K2=""),"проверить",IF(ABS(K2)<0.01,"ок","проверить")) -> ок
A3: schet_TP-0912.pdf | B3: PDF с текстом | C3: ТП-0912 | D3: 46267 | E3: ООО «Техснаб-Плюс» | F3: 4628194823 | G3: ООО «Лайм Логистик» | H3: 4 | I3: 12280 | J3: =SUMIFS(Позиции!$H:$H,Позиции!$A:$A,$A3) -> 12280 | K3: =IF(I3="","",ROUND(I3-J3,2)) -> 0 | L3: =IF(OR(M3<>"",K3=""),"проверить",IF(ABS(K3)<0.01,"ок","проверить")) -> ок
A4: Ковалёва_счёт_58.pdf | B4: PDF с текстом | C4: 58 | D4: 46268 | E4: ИП Ковалёва Марина Игоревна | F4: 313909960378 | G4: ООО «Лайм Логистик» | H4: 2 | I4: 10845 | J4: =SUMIFS(Позиции!$H:$H,Позиции!$A:$A,$A4) -> 10845 | K4: =IF(I4="","",ROUND(I4-J4,2)) -> 0 | L4: =IF(OR(M4<>"",K4=""),"проверить",IF(ABS(K4)<0.01,"ок","проверить")) -> ок
A5: IMG_2041.jpg | B5: фото/скан, распознан | C5: 1204 | D5: 46269 | E5: ООО «Чистый офис» | F5: 7181909376 | G5: ООО «Лайм Логистик» | H5: 2 | I5: 3855 | J5: =SUMIFS(Позиции!$H:$H,Позиции!$A:$A,$A5) -> 3855 | K5: =IF(I5="","",ROUND(I5-J5,2)) -> 0 | L5: =IF(OR(M5<>"",K5=""),"проверить",IF(ABS(K5)<0.01,"ок","проверить")) -> ок
A6: Вода_сентябрь.pdf | B6: PDF с текстом | C6: 311 | D6: 46272 | E6: ИП Орлов Денис Сергеевич | F6: 979754323194 | G6: ООО «Лайм Логистик» | H6: 2 | I6: 4510 | J6: =SUMIFS(Позиции!$H:$H,Позиции!$A:$A,$A6) -> 4510 | K6: =IF(I6="","",ROUND(I6-J6,2)) -> 0 | L6: =IF(OR(M6<>"",K6=""),"проверить",IF(ABS(K6)<0.01,"ок","проверить")) -> ок
A7: скан_счёт_МД-77.pdf | B7: скан в PDF, распознан | C7: МД-77 | D7: 46273 | E7: ООО «Мебельный двор» | F7: 6574911867 | G7: ООО «Лайм Логистик» | H7: 2 | I7: 15340 | J7: =SUMIFS(Позиции!$H:$H,Позиции!$A:$A,$A7) -> 15340 | K7: =IF(I7="","",ROUND(I7-J7,2)) -> 0 | L7: =IF(OR(M7<>"",K7=""),"проверить",IF(ABS(K7)<0.01,"ок","проверить")) -> проверить | M7: единицы измерения (строк: 1)
A8: Счёт_152_Северная_бумага.pdf | B8: PDF с текстом | C8: 152 | D8: 46275 | E8: ООО «Северная бумага» | F8: 1016613181 | G8: ООО «Лайм Логистик» | H8: 2 | I8: 2027 | J8: =SUMIFS(Позиции!$H:$H,Позиции!$A:$A,$A8) -> 2027 | K8: =IF(I8="","",ROUND(I8-J8,2)) -> 0 | L8: =IF(OR(M8<>"",K8=""),"проверить",IF(ABS(K8)<0.01,"ок","проверить")) -> ок
A9: IMG_2087.jpg | B9: фото/скан, распознан | C9: ТП-0937 | D9: 46279 | E9: ООО «Техснаб-Плюс» | F9: 4628194823 | G9: ООО «Лайм Логистик» | H9: 3 | I9: 15760 | J9: =SUMIFS(Позиции!$H:$H,Позиции!$A:$A,$A9) -> 15760 | K9: =IF(I9="","",ROUND(I9-J9,2)) -> 0 | L9: =IF(OR(M9<>"",K9=""),"проверить",IF(ABS(K9)<0.01,"ок","проверить")) -> ок
A10: Чистый_офис_1239.pdf | B10: PDF с текстом | C10: 1239 | D10: 46281 | E10: ООО «Чистый офис» | F10: 7181909376 | G10: ООО «Лайм Логистик» | H10: 4 | I10: 6164 | J10: =SUMIFS(Позиции!$H:$H,Позиции!$A:$A,$A10) -> 5264 | K10: =IF(I10="","",ROUND(I10-J10,2)) -> 900 | L10: =IF(OR(M10<>"",K10=""),"проверить",IF(ABS(K10)<0.01,"ок","проверить")) -> проверить
A11: scan_0003.pdf | B11: скан в PDF, распознан | C11: 64 | D11: 46286 | E11: ИП Ковалёва Марина Игоревна | F11: 313909960378 | G11: ООО «Лайм Логистик» | H11: 2 | I11: 2850 | J11: =SUMIFS(Позиции!$H:$H,Позиции!$A:$A,$A11) -> 2850 | K11: =IF(I11="","",ROUND(I11-J11,2)) -> 0 | L11: =IF(OR(M11<>"",K11=""),"проверить",IF(ABS(K11)<0.01,"ок","проверить")) -> ок
A12: Вода_сентябрь_2.pdf | B12: PDF с текстом | C12: 329 | D12: 46289 | E12: ИП Орлов Денис Сергеевич | F12: 979754323194 | G12: ООО «Лайм Логистик» | H12: 2 | I12: 2840 | J12: =SUMIFS(Позиции!$H:$H,Позиции!$A:$A,$A12) -> 2840 | K12: =IF(I12="","",ROUND(I12-J12,2)) -> 0 | L12: =IF(OR(M12<>"",K12=""),"проверить",IF(ABS(K12)<0.01,"ок","проверить")) -> ок
A13: Мебельный_двор_МД-81.pdf | B13: PDF с текстом | C13: МД-81 | D13: 46293 | E13: ООО «Мебельный двор» | F13: 6574911867 | G13: ООО «Лайм Логистик» | H13: 2 | I13: 49790 | J13: =SUMIFS(Позиции!$H:$H,Позиции!$A:$A,$A13) -> 49790 | K13: =IF(I13="","",ROUND(I13-J13,2)) -> 0 | L13: =IF(OR(M13<>"",K13=""),"проверить",IF(ABS(K13)<0.01,"ок","проверить")) -> ок
A14: Итого по всем счетам | I14: =SUM(I2:I13) -> 126762 | J14: =SUM(J2:J13) -> 125862 | K14: =SUM(K2:K13) -> 900

Sheet Позиции
A1: Файл | B1: № счёта | C1: № | D1: Наименование | E1: Кол-во | F1: Ед. | G1: Цена, ₽ | H1: Сумма в счёте, ₽ | I1: Кол-во × цена, ₽ | J1: Строка сходится | K1: Примечание
A2: Счёт_147_Северная_бумага.pdf | B2: 147 | C2: 1 | D2: Стикеры 76×76 мм, 100 листов | E2: 6 | F2: шт | G2: 64 | H2: 384 | I2: =ROUND(E2*G2,2) -> 384 | J2: =IF(OR(K2<>"",ABS(H2-I2)>=0.01),"проверить","ок") -> ок
A3: Счёт_147_Северная_бумага.pdf | B3: 147 | C3: 2 | D3: Скобы для степлера №24/6, 1000 шт. | E3: 3 | F3: уп | G3: 39 | H3: 117 | I3: =ROUND(E3*G3,2) -> 117 | J3: =IF(OR(K3<>"",ABS(H3-I3)>=0.01),"проверить","ок") -> ок
A4: schet_TP-0912.pdf | B4: ТП-0912 | C4: 1 | D4: Мышь компьютерная проводная | E4: 5 | F4: шт | G4: 590 | H4: 2950 | I4: =ROUND(E4*G4,2) -> 2950 | J4: =IF(OR(K4<>"",ABS(H4-I4)>=0.01),"проверить","ок") -> ок
A5: schet_TP-0912.pdf | B5: ТП-0912 | C5: 2 | D5: Кабель USB 2.0, 1,8 м | E5: 8 | F5: шт | G5: 210 | H5: 1680 | I5: =ROUND(E5*G5,2) -> 1680 | J5: =IF(OR(K5<>"",ABS(H5-I5)>=0.01),"проверить","ок") -> ок
A6: schet_TP-0912.pdf | B6: ТП-0912 | C6: 3 | D6: Клавиатура проводная | E6: 4 | F6: шт | G6: 1190 | H6: 4760 | I6: =ROUND(E6*G6,2) -> 4760 | J6: =IF(OR(K6<>"",ABS(H6-I6)>=0.01),"проверить","ок") -> ок
A7: schet_TP-0912.pdf | B7: ТП-0912 | C7: 4 | D7: Картридж для лазерного принтера, чёрный | E7: 1 | F7: шт | G7: 2890 | H7: 2890 | I7: =ROUND(E7*G7,2) -> 2890 | J7: =IF(OR(K7<>"",ABS(H7-I7)>=0.01),"проверить","ок") -> ок
A8: Ковалёва_счёт_58.pdf | B8: 58 | C8: 1 | D8: Печать листовок А5, 500 шт. | E8: 3 | F8: усл | G8: 3150 | H8: 9450 | I8: =ROUND(E8*G8,2) -> 9450 | J8: =IF(OR(K8<>"",ABS(H8-I8)>=0.01),"проверить","ок") -> ок
A9: Ковалёва_счёт_58.pdf | B9: 58 | C9: 2 | D9: Ламинирование А4 | E9: 31 | F9: шт | G9: 45 | H9: 1395 | I9: =ROUND(E9*G9,2) -> 1395 | J9: =IF(OR(K9<>"",ABS(H9-I9)>=0.01),"проверить","ок") -> ок
A10: IMG_2041.jpg | B10: 1204 | C10: 1 | D10: Средство для мытья полов, 5 л | E10: 3 | F10: шт | G10: 640 | H10: 1920 | I10: =ROUND(E10*G10,2) -> 1920 | J10: =IF(OR(K10<>"",ABS(H10-I10)>=0.01),"проверить","ок") -> ок
A11: IMG_2041.jpg | B11: 1204 | C11: 2 | D11: Мешки для мусора 120 л, 10 шт. | E11: 9 | F11: уп | G11: 215 | H11: 1935 | I11: =ROUND(E11*G11,2) -> 1935 | J11: =IF(OR(K11<>"",ABS(H11-I11)>=0.01),"проверить","ок") -> ок
A12: Вода_сентябрь.pdf | B12: 311 | C12: 1 | D12: Аренда кулера, месяц | E12: 2 | F12: усл | G12: 500 | H12: 1000 | I12: =ROUND(E12*G12,2) -> 1000 | J12: =IF(OR(K12<>"",ABS(H12-I12)>=0.01),"проверить","ок") -> ок
A13: Вода_сентябрь.pdf | B13: 311 | C13: 2 | D13: Вода питьевая, бутыль 19 л | E13: 9 | F13: бут | G13: 390 | H13: 3510 | I13: =ROUND(E13*G13,2) -> 3510 | J13: =IF(OR(K13<>"",ABS(H13-I13)>=0.01),"проверить","ок") -> ок
A14: скан_счёт_МД-77.pdf | B14: МД-77 | C14: 1 | D14: Стул офисный на колёсиках | E14: 1 | G14: 6890 | H14: 6890 | I14: =ROUND(E14*G14,2) -> 6890 | J14: =IF(OR(K14<>"",ABS(H14-I14)>=0.01),"проверить","ок") -> проверить | K14: кол-во по сумме, ед. не распознана
A15: скан_счёт_МД-77.pdf | B15: МД-77 | C15: 2 | D15: Тумба приставная, 3 ящика | E15: 1 | F15: шт | G15: 8450 | H15: 8450 | I15: =ROUND(E15*G15,2) -> 8450 | J15: =IF(OR(K15<>"",ABS(H15-I15)>=0.01),"проверить","ок") -> ок
A16: Счёт_152_Северная_бумага.pdf | B16: 152 | C16: 1 | D16: Скобы для степлера №24/6, 1000 шт. | E16: 8 | F16: уп | G16: 39 | H16: 312 | I16: =ROUND(E16*G16,2) -> 312 | J16: =IF(OR(K16<>"",ABS(H16-I16)>=0.01),"проверить","ок") -> ок
A17: Счёт_152_Северная_бумага.pdf | B17: 152 | C17: 2 | D17: Ручка шариковая синяя | E17: 70 | F17: шт | G17: 24.5 | H17: 1715 | I17: =ROUND(E17*G17,2) -> 1715 | J17: =IF(OR(K17<>"",ABS(H17-I17)>=0.01),"проверить","ок") -> ок
A18: IMG_2087.jpg | B18: ТП-0937 | C18: 1 | D18: Картридж для лазерного принтера, чёрный | E18: 4 | F18: шт | G18: 2890 | H18: 11560 | I18: =ROUND(E18*G18,2) -> 11560 | J18: =IF(OR(K18<>"",ABS(H18-I18)>=0.01),"проверить","ок") -> ок
A19: IMG_2087.jpg | B19: ТП-0937 | C19: 2 | D19: Клавиатура проводная | E19: 3 | F19: шт | G19: 1190 | H19: 3570 | I19: =ROUND(E19*G19,2) -> 3570 | J19: =IF(OR(K19<>"",ABS(H19-I19)>=0.01),"проверить","ок") -> ок
A20: IMG_2087.jpg | B20: ТП-0937 | C20: 3 | D20: Кабель USB 2.0, 1,8 м | E20: 3 | F20: шт | G20: 210 | H20: 630 | I20: =ROUND(E20*G20,2) -> 630 | J20: =IF(OR(K20<>"",ABS(H20-I20)>=0.01),"проверить","ок") -> ок
A21: Чистый_офис_1239.pdf | B21: 1239 | C21: 1 | D21: Мешки для мусора 120 л, 10 шт. | E21: 8 | F21: уп | G21: 215 | H21: 1720 | I21: =ROUND(E21*G21,2) -> 1720 | J21: =IF(OR(K21<>"",ABS(H21-I21)>=0.01),"проверить","ок") -> ок
A22: Чистый_офис_1239.pdf | B22: 1239 | C22: 2 | D22: Перчатки латексные | E22: 24 | F22: пар | G22: 58 | H22: 1392 | I22: =ROUND(E22*G22,2) -> 1392 | J22: =IF(OR(K22<>"",ABS(H22-I22)>=0.01),"проверить","ок") -> ок
A23: Чистый_офис_1239.pdf | B23: 1239 | C23: 3 | D23: Бумажные полотенца, 2 рулона | E23: 8 | F23: уп | G23: 189 | H23: 1512 | I23: =ROUND(E23*G23,2) -> 1512 | J23: =IF(OR(K23<>"",ABS(H23-I23)>=0.01),"проверить","ок") -> ок
A24: Чистый_офис_1239.pdf | B24: 1239 | C24: 4 | D24: Средство для мытья полов, 5 л | E24: 1 | F24: шт | G24: 640 | H24: 640 | I24: =ROUND(E24*G24,2) -> 640 | J24: =IF(OR(K24<>"",ABS(H24-I24)>=0.01),"проверить","ок") -> ок
A25: scan_0003.pdf | B25: 64 | C25: 1 | D25: Печать визиток, 1000 шт. | E25: 1 | F25: усл | G25: 2400 | H25: 2400 | I25: =ROUND(E25*G25,2) -> 2400 | J25: =IF(OR(K25<>"",ABS(H25-I25)>=0.01),"проверить","ок") -> ок
A26: scan_0003.pdf | B26: 64 | C26: 2 | D26: Ламинирование А4 | E26: 10 | F26: шт | G26: 45 | H26: 450 | I26: =ROUND(E26*G26,2) -> 450 | J26: =IF(OR(K26<>"",ABS(H26-I26)>=0.01),"проверить","ок") -> ок
... A30: Мебельный_двор_МД-81.pdf | B30: МД-81 | C30: 2 | D30: Стул офисный на колёсиках | E30: 6 | F30: шт | G30: 6890 | H30: 41340 | I30: =ROUND(E30*G30,2) -> 41340 | J30: =IF(OR(K30<>"",ABS(H30-I30)>=0.01),"проверить","ок") -> ок

Sheet О файле
A1: Что это | B1: Сводка счетов на оплату, собранная скриптом из PDF, сканов и фото.
A2: Счета | B2: Одна строка на документ. Столбцы J–L считаются формулами по листу «Позиции».
A3: Позиции | B3: Все строки товаров и услуг из счетов. Столбцы I–J — формулы проверки.
A4: Проверка «ок» | B4: Сумма позиций совпала с итогом в документе, все поля распознаны.
A5: Проверка «проверить» | B5: Итог в документе не совпал с суммой позиций или поле не распознано. Такие строки подсвечены жёлтым, их стоит сверить с оригиналом.
